mut name,absolute difference,propagated_SE
FML>A_CITED2,,
L>F_CITED2,0.04074341980021856,0.010728570996864932
L>W_CITED2,,
WT_CITED2,0.05762534744326141,0.008828755950325557
RK>E_CITED2,0.059366216503966396,
RK>Amut20to39_CITED2,0.04302564192199054,0.009718909940813845
