mut name,absolute difference,propagated_SE
GS24,0.021971805086251454,0.010002962390326615
MA>W_HIF1A,0.006823490007821702,0.010899843956204825
NQ>W_HIF1A,,
RK>D_HIF1A,0.03407974159901698,0.007468822625684373
RK>E_HIF1A,0.0296595869428401,0.011845110826020593
WT_HIF1A,0.024233564291413295,0.01286027907349636
